{"cameraMode":{"drawMode":0,"name":"Shaded","section":"Shading Mode"},"sceneLighting":true,"audioPlay":false,"sceneViewState":{"showFog":true,"showMaterialUpdate":true,"showSkybox":true,"showFlares":true,"showImageEffects":true,"showParticleSystems":true},"in2DMode":false,"pivot":{"x":2.9476988315582277,"y":-2.8796520233154299,"z":-2.701585054397583},"rotation":{"x":0.01966596022248268,"y":0.9306641221046448,"z":-0.3618376851081848,"w":0.05058632418513298},"size":10.0,"orthographic":false}